<?xml version="1.0" encoding="UTF-8"?>
<annotation>
  <folder>XXX</folder>
  <filename>C:\Users\c0116278ba\Documents\フォルダー (2)\17_58_29_362118.png</filename>
  <source>
    <database>XXX</database>
    <annotation>XXX</annotation>
    <image>XXX</image>
    <flickrid>XXX</flickrid>
  </source>
  <owner>
    <flickrid>XXX</flickrid>
    <name>?</name>
  </owner>
  <size>
    <width>320</width>
    <height>240</height>
    <depth>3</depth>
  </size>
  <segmented>0</segmented>
  <object>
    <name>target</name>
    <pose>Unspecified</pose>
    <truncated>0</truncated>
    <difficult>1</difficult>
    <bndbox>
      <xmin>23</xmin>
      <ymin>39</ymin>
      <xmax>78</xmax>
      <ymax>181</ymax>
    </bndbox>
  </object>
</annotation>
